run_id,algorithm,size_bytes,ciphertext_size_bytes,packet_size_bytes,encryption_ms,decrypt_ms,verify_ms,rtt_ms,total_ms,throughput_kbps,enc_cpu_pct,dec_cpu_pct,enc_ram_mb,dec_ram_mb,enc_ram_delta_kb,dec_ram_delta_kb,success
1,Playfair,102400,102400,102400,102.3389,134.8964,0.0129,135.229,237.5679,420.93,100.0,81.1,102.36,101.73,512.0,424.0,True
2,Playfair,102400,102400,102400,99.1906,97.9601,0.0771,98.229,197.4196,506.54,94.5,95.7,102.2,102.2,484.0,0.0,True
3,Playfair,102400,102400,102400,100.0849,103.4538,0.0083,103.6212,203.7061,490.9,100.0,90.6,101.93,102.73,732.0,812.0,True
4,Playfair,102400,102400,102400,104.9654,99.2222,0.0109,122.8959,227.8613,438.86,100.0,94.5,101.61,101.61,0.0,0.0,True
5,Playfair,102400,102400,102400,103.6137,100.1173,0.0099,100.2834,203.8971,490.44,100.0,93.6,102.29,102.29,696.0,0.0,True
6,Playfair,102400,102400,102400,101.2921,104.0166,0.0084,104.174,205.4661,486.7,92.6,100.0,102.52,101.41,244.0,0.0,True
7,Playfair,102400,102400,102400,102.9397,108.6374,0.0094,108.868,211.8077,472.13,100.0,100.0,102.2,101.61,812.0,404.0,True
8,Playfair,102400,102400,102400,101.4447,99.1684,0.0103,99.333,200.7777,498.06,92.4,94.5,101.73,101.93,128.0,196.0,True
9,Playfair,102400,102400,102400,108.1659,103.9689,0.0116,104.1643,212.3302,470.96,72.2,100.0,101.93,101.75,0.0,0.0,True
10,Playfair,102400,102400,102400,104.9366,98.1293,0.009,98.341,203.2776,491.94,100.0,95.5,100.89,102.15,0.0,1188.0,True
11,Playfair,102400,102400,102400,99.1205,96.3998,0.0084,96.5887,195.7092,510.96,94.6,100.0,102.15,102.15,0.0,0.0,True
12,Playfair,102400,102400,102400,105.6924,102.8249,0.0093,103.0188,208.7112,479.13,88.7,100.0,102.15,102.15,0.0,0.0,True
13,Playfair,102400,102400,102400,100.4938,97.266,0.0102,97.4537,197.9475,505.18,93.3,100.0,102.15,102.15,0.0,0.0,True
14,Playfair,102400,102400,102400,101.547,102.2298,0.0096,102.3959,203.9429,490.33,92.3,100.0,102.15,102.16,0.0,4.0,True
15,Playfair,102400,102400,102400,99.7411,98.3112,0.0085,98.4888,198.2299,504.46,94.0,95.4,102.16,102.16,0.0,0.0,True
16,Playfair,102400,102400,102400,100.4609,101.0687,0.0085,101.2628,201.7237,495.73,100.0,92.8,102.16,102.16,0.0,0.0,True
17,Playfair,102400,102400,102400,103.4413,98.1958,0.0102,98.3826,201.8239,495.48,100.0,95.5,102.16,102.16,0.0,0.0,True
18,Playfair,102400,102400,102400,99.5993,101.5021,0.0102,101.6744,201.2737,496.84,100.0,92.4,102.16,102.16,0.0,0.0,True
19,Playfair,102400,102400,102400,100.3731,102.3351,0.0083,102.4921,202.8652,492.94,100.0,91.6,102.16,102.16,0.0,0.0,True
20,Playfair,102400,102400,102400,102.8623,98.8081,0.0105,110.0182,212.8805,469.75,100.0,100.0,102.16,102.16,0.0,0.0,True
21,Playfair,102400,102400,102400,100.6876,97.2235,0.0083,97.3954,198.083,504.84,93.1,96.4,102.16,102.16,0.0,0.0,True
22,Playfair,102400,102400,102400,106.6192,104.4101,0.0099,104.5813,211.2005,473.48,100.0,100.0,102.16,102.16,0.0,0.0,True
23,Playfair,102400,102400,102400,99.402,99.2471,0.0087,99.4379,198.8399,502.92,94.3,100.0,102.16,101.95,0.0,0.0,True
24,Playfair,102400,102400,102400,100.8366,105.782,0.0097,105.9658,206.8024,483.55,93.0,100.0,101.7,101.78,0.0,84.0,True
25,Playfair,102400,102400,102400,105.288,100.378,0.0091,100.5485,205.8365,485.82,100.0,93.4,102.02,101.82,244.0,0.0,True
26,Playfair,102400,102400,102400,105.4541,105.2374,0.0101,105.436,210.8901,474.18,100.0,89.1,102.65,102.65,848.0,0.0,True
27,Playfair,102400,102400,102400,104.4011,98.5216,0.0081,98.7014,203.1025,492.36,89.8,100.0,102.68,102.68,32.0,0.0,True
28,Playfair,102400,102400,102400,102.5857,111.433,0.0113,111.6325,214.2182,466.81,91.4,98.2,102.68,102.68,0.0,0.0,True
29,Playfair,102400,102400,102400,101.0452,99.618,0.0162,99.8608,200.906,497.75,100.0,94.1,102.68,102.68,0.0,0.0,True
30,Playfair,102400,102400,102400,113.7389,97.4538,0.0105,111.4296,225.1685,444.11,96.2,96.2,102.68,102.68,0.0,0.0,True
31,Caesar,1048576,1048576,1048576,0.7094,0.7566,0.3476,2.077,2.7864,367499.28,0.0,0.0,107.63,107.98,0.0,0.0,True
32,Caesar,1048576,1048576,1048576,0.6829,0.7033,0.4044,1.9944,2.6773,382474.88,0.0,0.0,107.98,108.98,0.0,0.0,True
33,Caesar,1048576,1048576,1048576,0.6978,0.7068,0.3933,2.0224,2.7202,376442.91,0.0,0.0,107.98,108.98,0.0,0.0,True
34,Caesar,1048576,1048576,1048576,0.6891,0.7231,0.3372,1.9096,2.5987,394043.18,0.0,0.0,107.98,108.98,0.0,0.0,True
35,Caesar,1048576,1048576,1048576,0.6915,0.7568,0.3469,1.9893,2.6808,381975.53,0.0,0.0,107.98,108.98,0.0,0.0,True
36,Caesar,1048576,1048576,1048576,0.6826,0.7206,0.3349,1.9144,2.597,394301.12,0.0,0.0,107.98,108.98,0.0,0.0,True
37,Caesar,1048576,1048576,1048576,0.6869,0.7433,0.3445,1.9499,2.6368,388349.51,0.0,0.0,107.98,108.98,0.0,0.0,True
38,Caesar,1048576,1048576,1048576,0.6828,0.7561,0.3446,1.9877,2.6705,383448.79,0.0,0.0,107.98,108.98,0.0,0.0,True
39,Caesar,1048576,1048576,1048576,0.6816,0.7619,0.3616,2.0279,2.7095,377929.51,0.0,0.0,107.98,108.98,0.0,0.0,True
40,Caesar,1048576,1048576,1048576,0.6921,0.7478,0.3465,1.9468,2.6389,388040.47,0.0,0.0,107.98,108.98,0.0,0.0,True
41,Caesar,1048576,1048576,1048576,0.6953,0.7431,0.339,1.9268,2.6221,390526.68,0.0,0.0,107.98,108.98,0.0,0.0,True
42,Caesar,1048576,1048576,1048576,0.6847,0.7467,0.3462,1.9793,2.664,384384.38,0.0,0.0,107.98,108.98,0.0,0.0,True
43,Caesar,1048576,1048576,1048576,0.6921,0.7911,0.3517,2.0216,2.7137,377344.59,0.0,0.0,107.98,108.98,0.0,0.0,True
44,Caesar,1048576,1048576,1048576,0.7012,0.7156,0.3355,1.9002,2.6014,393634.2,0.0,0.0,107.98,108.98,0.0,0.0,True
45,Caesar,1048576,1048576,1048576,0.6947,0.7441,0.3409,1.9553,2.65,386415.09,0.0,0.0,107.98,108.98,0.0,0.0,True
46,Caesar,1048576,1048576,1048576,0.6866,0.7192,0.3388,1.9423,2.6289,389516.53,0.0,0.0,107.98,108.98,0.0,0.0,True
47,Caesar,1048576,1048576,1048576,0.688,0.7451,0.3585,1.955,2.643,387438.52,0.0,0.0,107.98,108.98,0.0,0.0,True
48,Caesar,1048576,1048576,1048576,0.6905,0.7574,0.3518,1.9606,2.6511,386254.76,0.0,0.0,107.98,108.98,0.0,0.0,True
49,Caesar,1048576,1048576,1048576,0.9097,0.7522,0.3506,1.9991,2.9088,352035.2,0.0,0.0,107.98,108.98,0.0,0.0,True
50,Caesar,1048576,1048576,1048576,0.6882,0.7546,0.3373,1.9521,2.6403,387834.72,0.0,0.0,107.98,108.98,0.0,0.0,True
51,Caesar,1048576,1048576,1048576,0.6907,0.7446,0.3473,1.9501,2.6408,387761.28,0.0,0.0,107.98,108.98,0.0,0.0,True
52,Caesar,1048576,1048576,1048576,0.6802,0.7728,0.3377,1.969,2.6492,386531.78,0.0,0.0,107.98,108.98,0.0,0.0,True
53,Caesar,1048576,1048576,1048576,0.6925,0.7397,0.3529,1.9229,2.6154,391527.11,0.0,0.0,107.98,108.98,0.0,0.0,True
54,Caesar,1048576,1048576,1048576,0.8168,0.7379,0.3359,1.9861,2.8029,365335.9,0.0,0.0,107.98,108.98,0.0,0.0,True
55,Caesar,1048576,1048576,1048576,0.6933,0.7296,0.3385,1.963,2.6563,385498.63,0.0,0.0,107.98,108.98,0.0,0.0,True
56,Caesar,1048576,1048576,1048576,0.6971,0.7375,0.3445,1.9613,2.6584,385194.1,0.0,0.0,107.98,108.98,0.0,0.0,True
57,Caesar,1048576,1048576,1048576,0.6793,1.0131,0.3509,2.2434,2.9227,350360.97,0.0,0.0,107.98,108.98,0.0,0.0,True
58,Caesar,1048576,1048576,1048576,1.156,0.7259,0.3702,19.1557,20.3117,50414.29,0.0,0.0,107.98,107.98,0.0,0.0,True
59,Caesar,1048576,1048576,1048576,0.7496,0.7011,0.3403,2.053,2.8026,365375.01,0.0,0.0,107.98,107.98,0.0,0.0,True
60,Caesar,1048576,1048576,1048576,0.6795,0.7249,0.3499,1.9498,2.6293,389457.27,0.0,0.0,107.98,108.98,0.0,0.0,True
61,None,1048576,1048576,1048576,0.1893,0.1876,0.3599,1.4493,1.6386,624923.72,0.0,0.0,107.98,107.98,0.0,0.0,True
62,None,1048576,1048576,1048576,0.162,0.1678,0.3569,1.4561,1.6181,632840.99,0.0,0.0,107.98,108.98,0.0,0.0,True
63,None,1048576,1048576,1048576,0.1663,0.2046,0.4152,1.6211,1.7874,572899.18,0.0,0.0,107.98,107.98,0.0,0.0,True
64,None,1048576,1048576,1048576,0.1808,0.1588,0.3417,1.3996,1.5804,647937.23,0.0,0.0,107.98,108.98,0.0,0.0,True
65,None,1048576,1048576,1048576,0.1637,0.1671,0.4611,1.5164,1.6801,609487.53,0.0,0.0,107.98,108.98,0.0,0.0,True
66,None,1048576,1048576,1048576,0.1621,0.1675,0.3641,1.4604,1.6225,631124.81,0.0,0.0,107.98,108.98,0.0,0.0,True
67,None,1048576,1048576,1048576,0.1626,0.161,0.3443,1.5056,1.6682,613835.27,0.0,0.0,107.98,108.98,0.0,0.0,True
68,None,1048576,1048576,1048576,0.1591,0.173,0.3544,1.4015,1.5606,656157.89,0.0,0.0,107.98,108.98,0.0,0.0,True
69,None,1048576,1048576,1048576,0.1526,0.1702,0.3541,1.4086,1.5612,655905.71,0.0,0.0,107.98,108.98,0.0,0.0,True
70,None,1048576,1048576,1048576,0.1611,0.1667,0.3496,1.3724,1.5335,667753.51,0.0,0.0,107.98,108.98,0.0,0.0,True
71,None,1048576,1048576,1048576,0.1607,0.1658,0.3511,1.3995,1.5602,656326.11,0.0,0.0,107.98,108.98,0.0,0.0,True
72,None,1048576,1048576,1048576,0.1789,0.206,0.3983,1.5959,1.7748,576966.42,0.0,0.0,107.98,108.98,0.0,0.0,True
73,None,1048576,1048576,1048576,0.1665,0.174,0.3442,1.3961,1.5626,655318.06,0.0,0.0,107.98,108.98,0.0,0.0,True
74,None,1048576,1048576,1048576,0.1625,0.168,0.3518,1.4015,1.564,654731.46,0.0,0.0,107.98,108.98,0.0,0.0,True
75,None,1048576,1048576,1048576,0.1633,0.1699,0.3334,1.3804,1.5437,663341.32,0.0,0.0,107.98,108.98,0.0,0.0,True
76,None,1048576,1048576,1048576,0.1453,0.1771,0.3578,1.3997,1.545,662783.17,0.0,0.0,107.98,108.98,0.0,0.0,True
77,None,1048576,1048576,1048576,0.1603,0.1687,0.3666,1.3983,1.5586,656999.87,0.0,0.0,107.98,108.98,0.0,0.0,True
78,None,1048576,1048576,1048576,0.1632,0.1658,0.355,1.4278,1.591,643620.36,0.0,0.0,107.98,107.98,0.0,0.0,True
79,None,1048576,1048576,1048576,0.1638,0.1771,0.3534,1.3934,1.5572,657590.55,0.0,0.0,107.98,108.98,0.0,0.0,True
80,None,1048576,1048576,1048576,0.1558,0.1861,0.3413,1.4739,1.6297,628336.5,0.0,0.0,107.98,107.98,0.0,0.0,True
81,None,1048576,1048576,1048576,0.1675,0.2488,0.4747,1.6392,1.8067,566779.21,0.0,0.0,107.98,108.98,0.0,0.0,True
82,None,1048576,1048576,1048576,0.1851,0.1862,0.407,1.5311,1.7162,596667.05,0.0,0.0,107.98,108.98,0.0,0.0,True
83,None,1048576,1048576,1048576,0.154,0.205,0.3662,1.5435,1.6975,603240.06,0.0,0.0,107.98,108.98,0.0,0.0,True
84,None,1048576,1048576,1048576,0.1636,0.1882,0.3364,1.4115,1.5751,650117.45,0.0,0.0,107.98,108.98,0.0,0.0,True
85,None,1048576,1048576,1048576,0.158,0.1833,0.3391,1.3799,1.5379,665843.03,0.0,0.0,107.98,108.98,0.0,0.0,True
86,None,1048576,1048576,1048576,0.1452,0.1825,0.3506,1.4078,1.553,659368.96,0.0,0.0,107.98,108.98,0.0,0.0,True
87,None,1048576,1048576,1048576,0.1614,0.1842,0.3934,1.4388,1.6002,639920.01,0.0,0.0,107.98,108.98,0.0,0.0,True
88,None,1048576,1048576,1048576,0.1642,0.1747,0.3458,1.3713,1.5355,666883.75,0.0,0.0,107.98,108.98,0.0,0.0,True
89,None,1048576,1048576,1048576,0.1577,0.1754,0.3547,1.4047,1.5624,655401.95,0.0,0.0,107.98,108.98,0.0,0.0,True
90,None,1048576,1048576,1048576,0.1629,0.1758,0.3567,1.3791,1.542,664072.63,0.0,0.0,107.98,108.98,0.0,0.0,True
91,Playfair,1048576,1048576,1048576,1157.3887,1155.4957,0.3493,1156.8457,2314.2344,442.48,99.9,96.0,109.07,109.07,0.0,0.0,True
92,Playfair,1048576,1048576,1048576,1149.0207,1052.7063,0.4436,1077.4791,2226.4998,459.91,99.3,98.0,109.07,109.07,0.0,0.0,True
93,Playfair,1048576,1048576,1048576,1053.8176,1036.2343,0.4146,1037.6706,2091.4882,489.6,100.0,99.5,109.07,109.07,0.0,0.0,True
94,Playfair,1048576,1048576,1048576,1064.035,1033.7289,0.3436,1035.3435,2099.3785,487.76,99.9,99.8,109.07,108.67,0.0,0.0,True
95,Playfair,1048576,1048576,1048576,1105.7409,1031.7299,0.3761,1033.0827,2138.8236,478.77,96.1,96.9,108.67,108.67,0.0,0.0,True
96,Playfair,1048576,1048576,1048576,1130.4194,1023.9741,0.3843,1025.5448,2155.9642,474.96,99.5,100.0,108.67,108.3,0.0,104.0,True
97,Playfair,1048576,1048576,1048576,1124.1807,1028.2031,0.4906,1029.8149,2153.9956,475.4,100.0,97.3,108.3,108.12,0.0,828.0,True
98,Playfair,1048576,1048576,1048576,1103.0295,1031.0554,0.3915,1032.6947,2135.7242,479.46,97.7,98.5,108.15,108.12,28.0,44.0,True
99,Playfair,1048576,1048576,1048576,1100.289,1041.9182,0.3873,1043.3842,2143.6732,477.68,99.4,96.0,108.15,108.12,28.0,428.0,True
100,Playfair,1048576,1048576,1048576,1056.267,1115.2006,0.3495,1116.8657,2173.1327,471.21,100.0,92.5,108.15,108.98,28.0,1112.0,True
101,Playfair,1048576,1048576,1048576,1109.5435,1208.9829,0.3609,1210.3674,2319.9109,441.4,97.2,93.1,108.98,109.05,0.0,0.0,True
102,Playfair,1048576,1048576,1048576,1132.3435,1179.9807,0.3652,1198.6563,2330.9998,439.3,99.4,96.7,109.05,109.05,0.0,0.0,True
103,Playfair,1048576,1048576,1048576,1180.2631,1235.6969,0.3565,1237.0364,2417.2995,423.61,99.3,99.9,109.05,109.05,0.0,0.0,True
104,Playfair,1048576,1048576,1048576,1181.5902,1168.2217,0.4667,1181.2719,2362.8621,433.37,99.2,100.0,109.05,109.05,0.0,0.0,True
105,Playfair,1048576,1048576,1048576,1136.2427,1086.2863,0.3847,1087.6515,2223.8942,460.45,99.0,100.0,109.05,109.05,0.0,0.0,True
106,Playfair,1048576,1048576,1048576,1123.7522,1212.5589,0.4069,1213.9637,2337.7159,438.03,97.3,97.9,109.05,109.05,0.0,0.0,True
107,Playfair,1048576,1048576,1048576,1301.6349,1167.219,0.4801,1168.7194,2470.3543,414.52,99.6,97.7,109.05,109.05,0.0,0.0,True
108,Playfair,1048576,1048576,1048576,1191.0293,1248.6414,0.3724,1250.4361,2441.4654,419.42,99.7,93.9,109.05,109.05,0.0,0.0,True
109,Playfair,1048576,1048576,1048576,1195.9924,1194.3848,0.532,1195.9032,2391.8956,428.11,96.7,99.4,109.05,109.05,0.0,0.0,True
110,Playfair,1048576,1048576,1048576,1171.0645,1140.4724,0.3513,1141.9227,2312.9872,442.72,98.7,100.0,109.05,109.05,0.0,0.0,True
111,Playfair,1048576,1048576,1048576,1220.2932,1093.0604,0.3852,1110.5255,2330.8187,439.33,98.6,98.6,109.05,109.05,0.0,0.0,True
112,Playfair,1048576,1048576,1048576,1298.1498,1114.4904,0.4155,1115.9784,2414.1282,424.17,97.5,99.5,109.05,109.05,0.0,0.0,True
113,Playfair,1048576,1048576,1048576,1147.2433,1199.0071,0.3662,1200.9867,2348.23,436.07,99.4,97.7,108.99,108.99,0.0,0.0,True
114,Playfair,1048576,1048576,1048576,1093.91,1070.0541,0.4073,1071.4898,2165.3998,472.89,97.1,96.4,108.99,108.99,0.0,0.0,True
115,Playfair,1048576,1048576,1048576,1184.0467,1066.1392,0.3457,1067.5209,2251.5676,454.79,95.0,100.0,108.99,108.99,0.0,0.0,True
116,Playfair,1048576,1048576,1048576,1157.3773,1140.3212,0.3707,1141.8106,2299.1879,445.37,99.9,100.0,108.99,108.99,0.0,0.0,True
117,Playfair,1048576,1048576,1048576,1123.0716,1077.9852,0.3836,1079.5689,2202.6405,464.9,96.0,98.6,108.99,108.99,0.0,0.0,True
118,Playfair,1048576,1048576,1048576,1122.2766,1182.0835,0.4758,1202.741,2325.0176,440.43,100.0,99.1,108.99,108.99,0.0,0.0,True
119,Playfair,1048576,1048576,1048576,1129.5183,1158.6806,0.374,1160.1193,2289.6376,447.23,99.6,97.1,108.99,108.99,0.0,0.0,True
120,Playfair,1048576,1048576,1048576,1112.5279,1122.6529,0.3421,1124.0632,2236.5911,457.84,98.3,98.8,108.99,108.99,0.0,0.0,True
121,AES-128-CBC,1024,1040,1056,0.0297,0.0327,0.0013,0.1349,0.1646,6075.33,0.0,0.0,104.58,104.58,0.0,0.0,True
122,AES-128-CBC,1024,1040,1056,0.0272,0.0228,0.0012,0.1186,0.1458,6858.71,0.0,0.0,104.58,104.58,0.0,0.0,True
123,AES-128-CBC,1024,1040,1056,0.0229,0.0187,0.001,0.1024,0.1253,7980.85,0.0,0.0,104.58,104.58,0.0,0.0,True
124,AES-128-CBC,1024,1040,1056,0.0227,0.0185,0.0009,0.1004,0.1231,8123.48,0.0,0.0,104.58,104.58,0.0,0.0,True
125,AES-128-CBC,1024,1040,1056,0.0193,0.018,0.0008,0.0978,0.1171,8539.71,0.0,0.0,104.58,104.58,0.0,0.0,True
126,AES-128-CBC,1024,1040,1056,0.0191,0.0232,0.0013,0.1244,0.1435,6968.64,0.0,0.0,104.58,104.58,0.0,0.0,True
127,AES-128-CBC,1024,1040,1056,0.0276,0.0234,0.0012,0.1258,0.1534,6518.9,0.0,0.0,104.58,104.58,0.0,0.0,True
128,AES-128-CBC,1024,1040,1056,0.0205,0.019,0.001,0.1007,0.1212,8250.83,0.0,0.0,104.58,104.58,0.0,0.0,True
129,AES-128-CBC,1024,1040,1056,0.0192,0.0179,0.0009,0.099,0.1182,8460.24,0.0,0.0,104.58,104.58,0.0,0.0,True
130,AES-128-CBC,1024,1040,1056,0.0187,0.0177,0.0009,0.0968,0.1155,8658.01,0.0,0.0,104.58,104.58,0.0,0.0,True
131,AES-128-CBC,1024,1040,1056,0.0217,0.0182,0.0012,0.1175,0.1392,7183.91,0.0,0.0,104.58,104.58,0.0,0.0,True
132,AES-128-CBC,1024,1040,1056,0.0258,0.0238,0.0013,0.1387,0.1645,6079.03,0.0,0.0,104.58,104.58,0.0,0.0,True
133,AES-128-CBC,1024,1040,1056,0.022,0.0194,0.0011,0.1098,0.1318,7587.25,0.0,0.0,104.58,104.58,0.0,0.0,True
134,AES-128-CBC,1024,1040,1056,0.02,0.0181,0.001,0.1037,0.1237,8084.07,0.0,0.0,104.58,104.58,0.0,0.0,True
135,AES-128-CBC,1024,1040,1056,0.0199,0.0184,0.0008,0.1009,0.1208,8278.15,0.0,0.0,104.58,104.58,0.0,0.0,True
136,AES-128-CBC,1024,1040,1056,0.0192,0.0187,0.0009,0.1016,0.1208,8278.15,0.0,0.0,104.58,104.58,0.0,0.0,True
137,AES-128-CBC,1024,1040,1056,0.0197,0.0175,0.0009,0.0949,0.1146,8726.0,0.0,0.0,104.58,104.58,0.0,0.0,True
138,AES-128-CBC,1024,1040,1056,0.018,0.017,0.0008,0.101,0.119,8403.36,0.0,0.0,104.58,104.58,0.0,0.0,True
139,AES-128-CBC,1024,1040,1056,0.0183,0.017,0.0009,0.0969,0.1152,8680.56,0.0,0.0,104.58,104.58,0.0,0.0,True
140,AES-128-CBC,1024,1040,1056,0.0184,0.0169,0.0008,0.099,0.1174,8517.89,0.0,0.0,104.58,104.58,0.0,0.0,True
141,AES-128-CBC,1024,1040,1056,0.018,0.017,0.0007,0.1017,0.1197,8354.22,0.0,0.0,104.58,104.58,0.0,0.0,True
142,AES-128-CBC,1024,1040,1056,0.0181,0.0165,0.0009,0.0993,0.1174,8517.89,0.0,0.0,104.58,104.58,0.0,0.0,True
143,AES-128-CBC,1024,1040,1056,0.0182,0.0165,0.0008,0.0992,0.1174,8517.89,0.0,0.0,104.58,104.58,0.0,0.0,True
144,AES-128-CBC,1024,1040,1056,0.0181,0.0165,0.0009,0.0988,0.1169,8554.32,0.0,0.0,104.58,104.58,0.0,0.0,True
145,AES-128-CBC,1024,1040,1056,0.0184,0.0165,0.0007,0.1032,0.1216,8223.68,0.0,0.0,104.58,104.58,0.0,0.0,True
146,AES-128-CBC,1024,1040,1056,0.0185,0.0187,0.0009,0.103,0.1215,8230.45,0.0,0.0,104.58,104.58,0.0,0.0,True
147,AES-128-CBC,1024,1040,1056,0.0191,0.017,0.0008,0.094,0.1131,8841.73,0.0,0.0,104.58,104.58,0.0,0.0,True
148,AES-128-CBC,1024,1040,1056,0.0183,0.0172,0.0009,0.0979,0.1162,8605.85,0.0,0.0,104.58,104.58,0.0,0.0,True
149,AES-128-CBC,1024,1040,1056,0.0187,0.031,0.0013,0.134,0.1527,6548.79,0.0,0.0,104.58,104.58,0.0,0.0,True
150,AES-128-CBC,1024,1040,1056,0.0254,0.0196,0.0011,0.1153,0.1407,7107.32,0.0,0.0,104.58,104.58,0.0,0.0,True
151,Playfair,1024,1024,1024,1.2812,1.1574,0.0013,1.2646,2.5458,392.8,0.0,0.0,103.57,103.57,0.0,0.0,True
152,Playfair,1024,1024,1024,1.2487,1.1487,0.0014,1.2734,2.5221,396.49,0.0,0.0,103.57,103.57,0.0,0.0,True
153,Playfair,1024,1024,1024,1.1221,1.1226,0.0012,1.222,2.3441,426.6,0.0,0.0,103.57,103.57,0.0,0.0,True
154,Playfair,1024,1024,1024,1.1115,1.1262,0.001,1.2181,2.3296,429.26,0.0,0.0,103.57,103.57,0.0,0.0,True
155,Playfair,1024,1024,1024,1.1057,1.1069,0.001,1.1906,2.2963,435.48,0.0,0.0,103.57,103.57,0.0,0.0,True
156,Playfair,1024,1024,1024,1.1236,1.7538,0.0015,1.864,2.9876,334.72,0.0,0.0,103.57,103.57,0.0,0.0,True
157,Playfair,1024,1024,1024,1.2592,1.7436,0.0018,1.8762,3.1354,318.94,0.0,0.0,103.57,103.57,0.0,0.0,True
158,Playfair,1024,1024,1024,1.4561,1.5234,0.0014,1.6418,3.0979,322.8,0.0,0.0,103.57,103.57,0.0,0.0,True
159,Playfair,1024,1024,1024,1.1348,1.1425,0.0012,1.2501,2.3849,419.3,0.0,0.0,103.57,103.57,0.0,0.0,True
160,Playfair,1024,1024,1024,1.3195,1.1285,0.0013,1.2397,2.5592,390.75,0.0,0.0,103.57,103.57,0.0,0.0,True
161,Playfair,1024,1024,1024,1.1258,1.1415,0.0011,1.2302,2.356,424.45,0.0,0.0,103.57,103.57,0.0,0.0,True
162,Playfair,1024,1024,1024,1.1705,1.1444,0.0012,1.253,2.4235,412.63,0.0,0.0,103.57,103.57,0.0,0.0,True
163,Playfair,1024,1024,1024,1.128,1.1109,0.0011,1.1983,2.3263,429.87,0.0,0.0,103.57,103.57,0.0,0.0,True
164,Playfair,1024,1024,1024,1.1159,1.1177,0.0009,1.2021,2.318,431.41,0.0,0.0,103.57,103.57,0.0,0.0,True
165,Playfair,1024,1024,1024,1.1366,1.1233,0.0009,1.2055,2.3421,426.97,0.0,0.0,103.57,103.57,0.0,0.0,True
166,Playfair,1024,1024,1024,1.136,1.1425,0.001,1.2194,2.3554,424.56,0.0,0.0,103.57,103.57,0.0,0.0,True
167,Playfair,1024,1024,1024,1.1139,1.1213,0.0009,1.2041,2.318,431.41,0.0,0.0,103.57,103.57,0.0,0.0,True
168,Playfair,1024,1024,1024,1.128,1.1998,0.0014,1.3091,2.4371,410.32,0.0,0.0,103.57,103.57,0.0,0.0,True
169,Playfair,1024,1024,1024,1.1071,1.1157,0.0011,1.2086,2.3157,431.83,0.0,0.0,103.57,103.57,0.0,0.0,True
170,Playfair,1024,1024,1024,1.1211,1.1317,0.001,1.2181,2.3392,427.5,0.0,0.0,103.57,103.57,0.0,0.0,True
171,Playfair,1024,1024,1024,1.1231,1.1177,0.001,1.2039,2.327,429.74,0.0,0.0,103.57,103.57,0.0,0.0,True
172,Playfair,1024,1024,1024,1.121,1.1194,0.001,1.203,2.324,430.29,0.0,0.0,103.57,103.57,0.0,0.0,True
173,Playfair,1024,1024,1024,1.0969,1.1072,0.0009,1.1899,2.2868,437.29,0.0,0.0,103.57,103.57,0.0,0.0,True
174,Playfair,1024,1024,1024,1.1161,1.1056,0.0008,1.1888,2.3049,433.86,0.0,0.0,103.57,103.57,0.0,0.0,True
175,Playfair,1024,1024,1024,1.1012,1.1527,0.0012,1.2498,2.351,425.35,0.0,0.0,103.57,103.57,0.0,0.0,True
176,Playfair,1024,1024,1024,1.1264,1.1153,0.0012,1.2071,2.3335,428.54,0.0,0.0,103.57,103.57,0.0,0.0,True
177,Playfair,1024,1024,1024,1.1059,1.1044,0.001,1.1848,2.2907,436.55,0.0,0.0,103.57,103.57,0.0,0.0,True
178,Playfair,1024,1024,1024,1.1109,1.1286,0.0009,1.2142,2.3251,430.09,0.0,0.0,103.57,103.57,0.0,0.0,True
179,Playfair,1024,1024,1024,1.1347,1.0991,0.0009,1.1841,2.3188,431.26,0.0,0.0,103.57,103.57,0.0,0.0,True
180,Playfair,1024,1024,1024,1.1215,1.1365,0.0009,1.2274,2.3489,425.73,0.0,0.0,103.57,103.57,0.0,0.0,True
181,AES-128-CBC,1048576,1048592,1048608,1.4067,1.1397,0.4091,2.6631,4.0698,251609.42,0.0,0.0,110.14,110.14,0.0,0.0,True
182,AES-128-CBC,1048576,1048592,1048608,1.3858,1.0488,0.4531,2.6634,4.0492,252889.46,0.0,0.0,110.14,109.91,0.0,0.0,True
183,AES-128-CBC,1048576,1048592,1048608,1.3825,1.2805,0.401,2.6336,4.0161,254973.73,100.0,0.0,109.91,110.28,0.0,0.0,True
184,AES-128-CBC,1048576,1048592,1048608,1.4944,1.1908,0.4035,2.6356,4.13,247941.89,0.0,0.0,110.28,110.28,0.0,0.0,True
185,AES-128-CBC,1048576,1048592,1048608,1.4232,1.1768,0.6159,2.9502,4.3734,234142.77,0.0,0.0,110.28,109.68,0.0,0.0,True
186,AES-128-CBC,1048576,1048592,1048608,1.3481,1.163,0.3549,2.4306,3.7787,270992.67,0.0,0.0,109.68,110.3,0.0,0.0,True
187,AES-128-CBC,1048576,1048592,1048608,1.33,1.2981,0.3513,2.7106,4.0406,253427.71,0.0,0.0,110.3,110.3,0.0,0.0,True
188,AES-128-CBC,1048576,1048592,1048608,1.3532,1.0003,0.3384,2.3309,3.6841,277951.2,0.0,0.0,110.3,109.93,0.0,0.0,True
189,AES-128-CBC,1048576,1048592,1048608,1.385,1.1294,0.3445,2.3802,3.7652,271964.3,0.0,0.0,109.93,110.12,0.0,0.0,True
190,AES-128-CBC,1048576,1048592,1048608,1.2933,1.3539,0.4632,2.882,4.1753,245251.84,0.0,0.0,110.12,110.24,0.0,0.0,True
191,AES-128-CBC,1048576,1048592,1048608,1.492,0.9874,0.3602,2.3136,3.8056,269077.15,0.0,0.0,110.24,109.75,0.0,0.0,True
192,AES-128-CBC,1048576,1048592,1048608,1.3454,0.9815,0.4418,2.3147,3.6601,279773.78,0.0,0.0,109.75,110.19,0.0,0.0,True
193,AES-128-CBC,1048576,1048592,1048608,1.357,1.1183,0.3454,2.4892,3.8462,266236.81,0.0,0.0,110.19,110.94,0.0,0.0,True
194,AES-128-CBC,1048576,1048592,1048608,1.3414,0.9769,0.3419,2.3495,3.6909,277439.11,0.0,0.0,110.94,109.94,0.0,0.0,True
195,AES-128-CBC,1048576,1048592,1048608,1.4702,0.9874,0.3554,2.3103,3.7805,270863.64,0.0,0.0,109.94,110.12,0.0,0.0,True
196,AES-128-CBC,1048576,1048592,1048608,1.3402,1.0475,0.3376,2.2958,3.636,281628.16,0.0,0.0,110.12,110.12,0.0,0.0,True
197,AES-128-CBC,1048576,1048592,1048608,1.3414,0.9972,0.3584,2.291,3.6324,281907.28,0.0,100.0,110.12,111.31,0.0,0.0,True
198,AES-128-CBC,1048576,1048592,1048608,1.3325,0.9947,0.3468,2.2152,3.5477,288637.71,0.0,0.0,110.31,111.31,0.0,0.0,True
199,AES-128-CBC,1048576,1048592,1048608,1.5824,1.0577,0.3533,2.3035,3.8859,263516.82,0.0,0.0,110.31,111.31,0.0,0.0,True
200,AES-128-CBC,1048576,1048592,1048608,1.332,0.9843,0.3428,2.1911,3.5231,290653.12,0.0,0.0,110.31,111.31,0.0,0.0,True
201,AES-128-CBC,1048576,1048592,1048608,1.2906,1.0141,0.3792,2.3879,3.6785,278374.34,0.0,100.0,110.31,112.25,0.0,0.0,True
202,AES-128-CBC,1048576,1048592,1048608,1.5265,1.1494,0.3667,2.3992,3.9257,260845.2,0.0,0.0,111.25,111.25,0.0,0.0,True
203,AES-128-CBC,1048576,1048592,1048608,1.3318,1.0103,0.3458,2.3907,3.7225,275083.95,0.0,0.0,111.25,111.25,0.0,0.0,True
204,AES-128-CBC,1048576,1048592,1048608,1.3581,1.4023,0.4356,2.9046,4.2627,240223.33,0.0,0.0,111.25,111.25,0.0,0.0,True
205,AES-128-CBC,1048576,1048592,1048608,1.4345,1.0295,0.3644,2.3247,3.7592,272398.38,100.0,0.0,111.25,112.25,0.0,0.0,True
206,AES-128-CBC,1048576,1048592,1048608,1.5139,0.9982,0.3282,2.3049,3.8188,268147.06,0.0,0.0,111.25,112.25,0.0,0.0,True
207,AES-128-CBC,1048576,1048592,1048608,1.332,1.0476,0.3954,2.3982,3.7302,274516.11,0.0,0.0,111.25,111.25,0.0,0.0,True
208,AES-128-CBC,1048576,1048592,1048608,1.3462,1.014,0.3492,2.2518,3.598,284602.56,0.0,0.0,111.25,112.25,0.0,0.0,True
209,AES-128-CBC,1048576,1048592,1048608,1.3891,1.0545,0.4049,2.4051,3.7942,269885.61,0.0,0.0,111.25,112.25,0.0,0.0,True
210,AES-128-CBC,1048576,1048592,1048608,1.4842,1.1176,0.3457,2.4095,3.8937,262988.93,0.0,0.0,111.25,111.25,0.0,0.0,True
211,Caesar,1024,1024,1024,0.0049,0.0064,0.001,0.0888,0.0937,10672.36,0.0,0.0,105.22,105.22,0.0,0.0,True
212,Caesar,1024,1024,1024,0.0048,0.0052,0.0008,0.071,0.0758,13192.61,0.0,0.0,105.22,105.22,0.0,0.0,True
213,Caesar,1024,1024,1024,0.0043,0.0066,0.0007,0.0739,0.0782,12787.72,0.0,0.0,105.22,105.22,0.0,0.0,True
214,Caesar,1024,1024,1024,0.0043,0.0088,0.0006,0.0782,0.0825,12121.21,0.0,0.0,105.22,105.22,0.0,0.0,True
215,Caesar,1024,1024,1024,0.0039,0.005,0.0008,0.0737,0.0776,12886.6,0.0,0.0,105.22,105.22,0.0,0.0,True
216,Caesar,1024,1024,1024,0.0042,0.0045,0.0007,0.0723,0.0765,13071.9,0.0,0.0,105.22,105.22,0.0,0.0,True
217,Caesar,1024,1024,1024,0.0042,0.0048,0.0007,0.0719,0.0761,13140.6,0.0,0.0,105.22,105.22,0.0,0.0,True
218,Caesar,1024,1024,1024,0.0039,0.0056,0.0007,0.0726,0.0765,13071.9,0.0,0.0,105.22,105.22,0.0,0.0,True
219,Caesar,1024,1024,1024,0.0044,0.0055,0.0007,0.0761,0.0805,12422.36,0.0,0.0,105.22,105.22,0.0,0.0,True
220,Caesar,1024,1024,1024,0.0043,0.005,0.0006,0.0718,0.0761,13140.6,0.0,0.0,105.22,105.22,0.0,0.0,True
221,Caesar,1024,1024,1024,0.0063,0.0055,0.0009,0.0778,0.0841,11890.61,0.0,0.0,104.22,104.22,0.0,0.0,True
222,Caesar,1024,1024,1024,0.0047,0.0047,0.0006,0.074,0.0787,12706.48,0.0,0.0,104.22,104.22,0.0,0.0,True
223,Caesar,1024,1024,1024,0.0041,0.0063,0.0008,0.0845,0.0886,11286.68,0.0,0.0,104.22,104.22,0.0,0.0,True
224,Caesar,1024,1024,1024,0.0039,0.0047,0.0008,0.0689,0.0728,13736.26,0.0,0.0,104.22,104.22,0.0,0.0,True
225,Caesar,1024,1024,1024,0.004,0.0046,0.0006,0.0777,0.0817,12239.9,0.0,0.0,104.22,104.22,0.0,0.0,True
226,Caesar,1024,1024,1024,0.0096,0.0089,0.0016,0.1275,0.1371,7293.95,0.0,0.0,104.22,104.22,0.0,0.0,True
227,Caesar,1024,1024,1024,0.006,0.0081,0.002,0.1258,0.1318,7587.25,0.0,0.0,104.22,104.22,0.0,0.0,True
228,Caesar,1024,1024,1024,0.0077,0.0058,0.0014,0.1123,0.12,8333.33,0.0,0.0,104.22,104.22,0.0,0.0,True
229,Caesar,1024,1024,1024,0.0056,0.0053,0.001,0.0846,0.0902,11086.47,0.0,0.0,104.22,104.22,0.0,0.0,True
230,Caesar,1024,1024,1024,0.0045,0.0049,0.0009,0.0758,0.0803,12453.3,0.0,0.0,104.22,104.22,0.0,0.0,True
231,Caesar,1024,1024,1024,0.0042,0.005,0.0007,0.0763,0.0805,12422.36,0.0,0.0,104.22,104.22,0.0,0.0,True
232,Caesar,1024,1024,1024,0.006,0.0045,0.0009,0.0742,0.0802,12468.83,0.0,0.0,104.22,104.22,0.0,0.0,True
233,Caesar,1024,1024,1024,0.0041,0.0062,0.0007,0.0722,0.0763,13106.16,0.0,0.0,104.22,104.22,0.0,0.0,True
234,Caesar,1024,1024,1024,0.004,0.0043,0.0007,0.0722,0.0762,13123.36,0.0,0.0,104.22,104.22,0.0,0.0,True
235,Caesar,1024,1024,1024,0.0038,0.0054,0.0007,0.0766,0.0804,12437.81,0.0,0.0,104.22,104.22,0.0,0.0,True
236,Caesar,1024,1024,1024,0.006,0.005,0.0009,0.0811,0.0871,11481.06,0.0,0.0,104.22,104.22,0.0,0.0,True
237,Caesar,1024,1024,1024,0.0042,0.0044,0.0007,0.0727,0.0769,13003.9,0.0,0.0,104.22,104.22,0.0,0.0,True
238,Caesar,1024,1024,1024,0.0039,0.0049,0.0008,0.0794,0.0833,12004.8,0.0,0.0,104.22,104.22,0.0,0.0,True
239,Caesar,1024,1024,1024,0.0045,0.0066,0.0013,0.0854,0.0899,11123.47,0.0,0.0,104.22,104.22,0.0,0.0,True
240,Caesar,1024,1024,1024,0.0081,0.0059,0.0012,0.0984,0.1065,9389.67,0.0,0.0,104.22,104.22,0.0,0.0,True
241,Caesar,102400,102400,102400,0.0631,0.0529,0.0079,0.1761,0.2392,418060.2,0.0,0.0,104.22,104.22,0.0,0.0,True
242,Caesar,102400,102400,102400,0.0644,0.0681,0.0093,0.2116,0.276,362318.84,0.0,0.0,104.22,104.22,0.0,0.0,True
243,Caesar,102400,102400,102400,0.0805,0.0522,0.0069,0.185,0.2655,376647.83,0.0,0.0,104.22,104.22,0.0,0.0,True
244,Caesar,102400,102400,102400,0.0493,0.0522,0.007,0.1651,0.2144,466417.91,0.0,0.0,104.22,104.22,0.0,0.0,True
245,Caesar,102400,102400,102400,0.0614,0.0943,0.0103,0.2505,0.3119,320615.58,0.0,0.0,104.22,104.22,0.0,0.0,True
246,Caesar,102400,102400,102400,0.0914,0.097,0.0098,0.2907,0.3821,261711.59,0.0,0.0,104.22,104.22,0.0,0.0,True
247,Caesar,102400,102400,102400,0.0848,0.0874,0.0088,0.2251,0.3099,322684.74,0.0,0.0,104.22,104.22,0.0,0.0,True
248,Caesar,102400,102400,102400,0.0859,0.0997,0.0191,0.2536,0.3395,294550.81,0.0,0.0,104.22,104.22,0.0,0.0,True
249,Caesar,102400,102400,102400,0.0934,0.0543,0.0074,0.2093,0.3027,330360.09,0.0,0.0,104.22,104.22,0.0,0.0,True
250,Caesar,102400,102400,102400,0.0556,0.0526,0.0069,0.1702,0.2258,442869.8,0.0,0.0,104.22,104.22,0.0,0.0,True
251,Caesar,102400,102400,102400,0.0492,0.1111,0.0123,0.2618,0.311,321543.41,0.0,0.0,104.22,104.22,0.0,0.0,True
252,Caesar,102400,102400,102400,0.0864,0.053,0.0073,0.1808,0.2672,374251.5,0.0,0.0,104.22,104.22,0.0,0.0,True
253,Caesar,102400,102400,102400,0.0491,0.0519,0.0096,0.1799,0.229,436681.22,0.0,0.0,104.22,104.22,0.0,0.0,True
254,Caesar,102400,102400,102400,0.09,0.0921,0.0179,0.271,0.361,277008.31,0.0,0.0,104.22,104.22,0.0,0.0,True
255,Caesar,102400,102400,102400,0.1037,0.0535,0.0075,0.2029,0.3066,326157.86,0.0,0.0,104.22,104.22,0.0,0.0,True
256,Caesar,102400,102400,102400,0.0662,0.1022,0.0118,0.2745,0.3407,293513.35,0.0,0.0,104.22,104.22,0.0,0.0,True
257,Caesar,102400,102400,102400,0.0504,0.0526,0.0094,0.178,0.2284,437828.37,0.0,0.0,104.22,104.22,0.0,0.0,True
258,Caesar,102400,102400,102400,0.0498,0.054,0.0074,0.1912,0.241,414937.76,0.0,0.0,104.22,104.22,0.0,0.0,True
259,Caesar,102400,102400,102400,0.0509,0.0941,0.0102,0.262,0.3129,319590.92,0.0,0.0,104.22,104.22,0.0,0.0,True
260,Caesar,102400,102400,102400,0.0749,0.0538,0.0074,0.1823,0.2572,388802.49,0.0,0.0,104.22,104.22,0.0,0.0,True
261,Caesar,102400,102400,102400,0.0538,0.0873,0.0113,0.2496,0.3034,329597.89,0.0,0.0,104.22,104.22,0.0,0.0,True
262,Caesar,102400,102400,102400,0.0905,0.0525,0.007,0.1798,0.2703,369959.3,0.0,0.0,104.22,104.22,0.0,0.0,True
263,Caesar,102400,102400,102400,0.0494,0.0915,0.0108,0.2721,0.3215,311041.99,0.0,0.0,104.22,104.22,0.0,0.0,True
264,Caesar,102400,102400,102400,0.0527,0.0528,0.0072,0.1766,0.2293,436109.9,0.0,0.0,104.22,104.22,0.0,0.0,True
265,Caesar,102400,102400,102400,0.0637,0.098,0.0087,0.2681,0.3318,301386.38,0.0,0.0,104.22,104.22,0.0,0.0,True
266,Caesar,102400,102400,102400,0.091,0.0972,0.0122,0.2936,0.3846,260010.4,0.0,0.0,104.22,104.22,0.0,0.0,True
267,Caesar,102400,102400,102400,0.0913,0.0937,0.0092,0.2668,0.3581,279251.61,0.0,0.0,104.22,104.22,0.0,0.0,True
268,Caesar,102400,102400,102400,0.0647,0.0697,0.0146,0.2268,0.2915,343053.17,0.0,0.0,104.22,104.22,0.0,0.0,True
269,Caesar,102400,102400,102400,0.0918,0.0889,0.0093,0.252,0.3438,290866.78,0.0,0.0,104.22,104.22,0.0,0.0,True
270,Caesar,102400,102400,102400,0.0495,0.0922,0.009,0.2263,0.2758,362581.58,0.0,0.0,104.22,104.22,0.0,0.0,True
271,None,1024,1024,1024,0.0008,0.0009,0.0026,0.1321,0.1329,7524.45,0.0,0.0,104.22,104.22,0.0,0.0,True
272,None,1024,1024,1024,0.0007,0.0007,0.0016,0.0976,0.0983,10172.94,0.0,0.0,104.22,104.22,0.0,0.0,True
273,None,1024,1024,1024,0.0006,0.0006,0.0014,0.0737,0.0743,13458.95,0.0,0.0,104.22,104.22,0.0,0.0,True
274,None,1024,1024,1024,0.0005,0.0005,0.001,0.0664,0.0669,14947.68,0.0,0.0,104.22,104.22,0.0,0.0,True
275,None,1024,1024,1024,0.0004,0.0005,0.001,0.0652,0.0656,15243.9,0.0,0.0,104.22,104.22,0.0,0.0,True
276,None,1024,1024,1024,0.0005,0.0004,0.0009,0.0634,0.0639,15649.45,0.0,0.0,104.22,104.22,0.0,0.0,True
277,None,1024,1024,1024,0.0004,0.0004,0.0009,0.0623,0.0627,15948.96,0.0,0.0,104.22,104.22,0.0,0.0,True
278,None,1024,1024,1024,0.0004,0.0005,0.0009,0.0728,0.0732,13661.2,0.0,0.0,104.22,104.22,0.0,0.0,True
279,None,1024,1024,1024,0.0003,0.0005,0.0009,0.0637,0.064,15625.0,0.0,0.0,104.22,104.22,0.0,0.0,True
280,None,1024,1024,1024,0.0004,0.0005,0.0009,0.0663,0.0667,14992.5,0.0,0.0,104.22,104.22,0.0,0.0,True
281,None,1024,1024,1024,0.0006,0.0007,0.0016,0.1151,0.1157,8643.04,0.0,0.0,104.22,104.22,0.0,0.0,True
282,None,1024,1024,1024,0.0007,0.0007,0.0016,0.1055,0.1062,9416.2,0.0,0.0,104.22,104.22,0.0,0.0,True
283,None,1024,1024,1024,0.0006,0.0005,0.0014,0.0721,0.0727,13755.16,0.0,0.0,104.22,104.22,0.0,0.0,True
284,None,1024,1024,1024,0.0005,0.0005,0.001,0.072,0.0725,13793.1,0.0,0.0,104.22,104.22,0.0,0.0,True
285,None,1024,1024,1024,0.0005,0.0006,0.001,0.07,0.0705,14184.4,0.0,0.0,104.22,104.22,0.0,0.0,True
286,None,1024,1024,1024,0.0003,0.0005,0.001,0.0694,0.0697,14347.2,0.0,0.0,104.22,104.22,0.0,0.0,True
287,None,1024,1024,1024,0.0003,0.0005,0.001,0.0675,0.0678,14749.26,0.0,0.0,104.22,104.22,0.0,0.0,True
288,None,1024,1024,1024,0.0003,0.0004,0.0009,0.0659,0.0662,15105.74,0.0,0.0,104.22,104.22,0.0,0.0,True
289,None,1024,1024,1024,0.0004,0.0005,0.0009,0.084,0.0844,11848.34,0.0,0.0,104.22,104.22,0.0,0.0,True
290,None,1024,1024,1024,0.0007,0.0009,0.0019,0.1183,0.119,8403.36,0.0,0.0,104.22,104.22,0.0,0.0,True
291,None,1024,1024,1024,0.0006,0.0007,0.0011,0.0933,0.0939,10649.63,0.0,0.0,104.22,104.22,0.0,0.0,True
292,None,1024,1024,1024,0.0005,0.0005,0.0017,0.0692,0.0697,14347.2,0.0,0.0,104.22,104.22,0.0,0.0,True
293,None,1024,1024,1024,0.0004,0.0005,0.001,0.0674,0.0678,14749.26,0.0,0.0,104.22,104.22,0.0,0.0,True
294,None,1024,1024,1024,0.0004,0.0004,0.0011,0.0759,0.0763,13106.16,0.0,0.0,104.22,104.22,0.0,0.0,True
295,None,1024,1024,1024,0.0007,0.0009,0.0018,0.1142,0.1149,8703.22,0.0,0.0,104.22,104.22,0.0,0.0,True
296,None,1024,1024,1024,0.0004,0.0008,0.0017,0.0791,0.0795,12578.62,0.0,0.0,104.22,104.22,0.0,0.0,True
297,None,1024,1024,1024,0.0003,0.0007,0.0015,0.0764,0.0767,13037.81,0.0,0.0,104.22,104.22,0.0,0.0,True
298,None,1024,1024,1024,0.0007,0.0008,0.0016,0.1023,0.103,9708.74,0.0,0.0,104.22,104.22,0.0,0.0,True
299,None,1024,1024,1024,0.0006,0.0006,0.0016,0.0967,0.0973,10277.49,0.0,0.0,104.22,104.22,0.0,0.0,True
300,None,1024,1024,1024,0.0004,0.0007,0.0013,0.0718,0.0722,13850.42,0.0,0.0,104.22,104.22,0.0,0.0,True
301,None,102400,102400,102400,0.0024,0.008,0.0091,0.1294,0.1318,758725.34,0.0,0.0,104.22,104.22,0.0,0.0,True
302,None,102400,102400,102400,0.0024,0.0064,0.0088,0.1294,0.1318,758725.34,0.0,0.0,104.22,104.22,0.0,0.0,True
303,None,102400,102400,102400,0.0024,0.0074,0.0089,0.1256,0.128,781250.0,0.0,0.0,104.22,104.22,0.0,0.0,True
304,None,102400,102400,102400,0.0025,0.0079,0.0093,0.1429,0.1454,687757.91,0.0,0.0,104.22,104.22,0.0,0.0,True
305,None,102400,102400,102400,0.0024,0.0069,0.0093,0.1362,0.1386,721500.72,0.0,0.0,104.22,104.22,0.0,0.0,True
306,None,102400,102400,102400,0.0023,0.0063,0.0094,0.2328,0.2351,425350.91,0.0,0.0,104.22,104.22,0.0,0.0,True
307,None,102400,102400,102400,0.0024,0.0085,0.0105,0.1614,0.1638,610500.61,0.0,0.0,104.22,104.22,0.0,0.0,True
308,None,102400,102400,102400,0.0025,0.0068,0.0097,0.1515,0.154,649350.65,0.0,0.0,104.22,104.22,0.0,0.0,True
309,None,102400,102400,102400,0.0029,0.0072,0.0105,0.1608,0.1637,610873.55,0.0,0.0,104.22,104.22,0.0,0.0,True
310,None,102400,102400,102400,0.0027,0.0049,0.008,0.1409,0.1436,696378.83,0.0,0.0,104.22,104.22,0.0,0.0,True
311,None,102400,102400,102400,0.0035,0.0078,0.0092,0.1706,0.1741,574382.54,0.0,0.0,104.22,104.22,0.0,0.0,True
312,None,102400,102400,102400,0.0032,0.0047,0.0071,0.1303,0.1335,749063.67,0.0,0.0,104.22,104.22,0.0,0.0,True
313,None,102400,102400,102400,0.0028,0.0099,0.0109,0.1406,0.1434,697350.07,0.0,0.0,104.22,104.22,0.0,0.0,True
314,None,102400,102400,102400,0.0024,0.0093,0.0105,0.1241,0.1265,790513.83,0.0,0.0,104.22,104.22,0.0,0.0,True
315,None,102400,102400,102400,0.0021,0.0088,0.0103,0.1174,0.1195,836820.09,0.0,0.0,104.22,104.22,0.0,0.0,True
316,None,102400,102400,102400,0.0025,0.0099,0.0104,0.1201,0.1226,815660.69,0.0,0.0,104.22,104.22,0.0,0.0,True
317,None,102400,102400,102400,0.0024,0.0097,0.01,0.1194,0.1218,821018.06,0.0,0.0,104.22,104.22,0.0,0.0,True
318,None,102400,102400,102400,0.0024,0.0063,0.0084,0.115,0.1174,851788.76,0.0,0.0,104.22,104.22,0.0,0.0,True
319,None,102400,102400,102400,0.0027,0.005,0.0098,0.1436,0.1463,683527.0,0.0,0.0,104.22,104.22,0.0,0.0,True
320,None,102400,102400,102400,0.0022,0.0087,0.008,0.1262,0.1284,778816.2,0.0,0.0,104.22,104.22,0.0,0.0,True
321,None,102400,102400,102400,0.0025,0.0048,0.0072,0.1165,0.119,840336.14,0.0,0.0,104.22,104.22,0.0,0.0,True
322,None,102400,102400,102400,0.0026,0.0048,0.0071,0.113,0.1156,865051.9,0.0,0.0,104.22,104.22,0.0,0.0,True
323,None,102400,102400,102400,0.0022,0.0047,0.0073,0.1105,0.1127,887311.44,0.0,0.0,104.22,104.22,0.0,0.0,True
324,None,102400,102400,102400,0.0022,0.0049,0.0074,0.1122,0.1144,874125.87,0.0,0.0,104.22,104.22,0.0,0.0,True
325,None,102400,102400,102400,0.0022,0.0048,0.007,0.1115,0.1137,879507.48,0.0,0.0,104.22,104.22,0.0,0.0,True
326,None,102400,102400,102400,0.0035,0.0051,0.0078,0.1612,0.1647,607164.54,0.0,0.0,104.22,104.22,0.0,0.0,True
327,None,102400,102400,102400,0.0028,0.0051,0.0076,0.1466,0.1494,669344.04,0.0,0.0,104.22,104.22,0.0,0.0,True
328,None,102400,102400,102400,0.0027,0.0048,0.0073,0.1153,0.118,847457.63,0.0,0.0,104.22,104.22,0.0,0.0,True
329,None,102400,102400,102400,0.0025,0.0073,0.0096,0.1331,0.1356,737463.13,0.0,0.0,104.22,104.22,0.0,0.0,True
330,None,102400,102400,102400,0.0028,0.007,0.0101,0.1451,0.1479,676132.53,0.0,0.0,104.22,104.22,0.0,0.0,True
331,AES-128-CBC,102400,102416,102432,0.086,0.0404,0.0074,0.2009,0.2869,348553.5,0.0,0.0,103.22,103.38,0.0,0.0,True
332,AES-128-CBC,102400,102416,102432,0.0952,0.0451,0.0071,0.1941,0.2893,345661.94,0.0,0.0,103.38,103.38,0.0,0.0,True
333,AES-128-CBC,102400,102416,102432,0.098,0.0402,0.0071,0.1621,0.2601,384467.51,0.0,0.0,103.38,103.38,0.0,0.0,True
334,AES-128-CBC,102400,102416,102432,0.095,0.052,0.0085,0.2007,0.2957,338180.59,0.0,0.0,103.38,103.38,0.0,0.0,True
335,AES-128-CBC,102400,102416,102432,0.1001,0.0576,0.0108,0.2195,0.3196,312891.11,0.0,0.0,103.38,103.38,0.0,0.0,True
336,AES-128-CBC,102400,102416,102432,0.1075,0.069,0.0117,0.3429,0.4504,222024.87,0.0,0.0,103.38,103.38,0.0,0.0,True
337,AES-128-CBC,102400,102416,102432,0.114,0.0615,0.0104,0.2349,0.3489,286615.08,0.0,0.0,103.38,103.38,0.0,0.0,True
338,AES-128-CBC,102400,102416,102432,0.0917,0.0578,0.0095,0.214,0.3057,327118.09,0.0,0.0,103.38,103.38,0.0,0.0,True
339,AES-128-CBC,102400,102416,102432,0.0994,0.049,0.0071,0.2007,0.3001,333222.26,0.0,0.0,103.38,103.38,0.0,0.0,True
340,AES-128-CBC,102400,102416,102432,0.106,0.0476,0.012,0.2223,0.3283,304599.45,0.0,0.0,103.38,103.38,0.0,0.0,True
341,AES-128-CBC,102400,102416,102432,0.1051,0.0441,0.0072,0.2102,0.3153,317158.26,0.0,0.0,103.38,103.38,0.0,0.0,True
342,AES-128-CBC,102400,102416,102432,0.0952,0.0407,0.0072,0.1717,0.2669,374672.16,0.0,0.0,103.38,103.38,0.0,0.0,True
343,AES-128-CBC,102400,102416,102432,0.0924,0.04,0.0073,0.1636,0.256,390625.0,0.0,0.0,103.38,103.38,0.0,0.0,True
344,AES-128-CBC,102400,102416,102432,0.0839,0.0389,0.0066,0.1596,0.2435,410677.62,0.0,0.0,103.38,103.38,0.0,0.0,True
345,AES-128-CBC,102400,102416,102432,0.0908,0.0467,0.0074,0.1981,0.2889,346140.53,0.0,0.0,103.38,103.38,0.0,0.0,True
346,AES-128-CBC,102400,102416,102432,0.098,0.0782,0.0077,0.2391,0.3371,296647.88,0.0,0.0,103.38,103.38,0.0,0.0,True
347,AES-128-CBC,102400,102416,102432,0.0911,0.0539,0.0099,0.2168,0.3079,324780.77,0.0,0.0,103.38,103.38,0.0,0.0,True
348,AES-128-CBC,102400,102416,102432,0.0881,0.043,0.0071,0.1718,0.2599,384763.37,0.0,0.0,103.38,103.38,0.0,0.0,True
349,AES-128-CBC,102400,102416,102432,0.0861,0.0415,0.0071,0.1661,0.2522,396510.71,0.0,0.0,103.38,103.38,0.0,0.0,True
350,AES-128-CBC,102400,102416,102432,0.0831,0.0417,0.0067,0.164,0.2471,404694.46,0.0,0.0,103.38,103.38,0.0,0.0,True
351,AES-128-CBC,102400,102416,102432,0.0994,0.0526,0.0079,0.2138,0.3132,319284.8,0.0,0.0,103.38,103.38,0.0,0.0,True
352,AES-128-CBC,102400,102416,102432,0.0976,0.0507,0.0085,0.1991,0.2967,337040.78,0.0,0.0,103.38,103.38,0.0,0.0,True
353,AES-128-CBC,102400,102416,102432,0.1115,0.0539,0.0092,0.2315,0.343,291545.19,0.0,0.0,103.38,103.38,0.0,0.0,True
354,AES-128-CBC,102400,102416,102432,0.1669,0.0525,0.0083,0.2057,0.3726,268384.33,0.0,0.0,103.38,103.38,0.0,0.0,True
355,AES-128-CBC,102400,102416,102432,0.0925,0.0561,0.0286,0.3479,0.4404,227066.3,0.0,0.0,103.38,103.38,0.0,0.0,True
356,AES-128-CBC,102400,102416,102432,0.0941,0.0432,0.0074,0.1847,0.2788,358680.06,0.0,0.0,103.38,103.38,0.0,0.0,True
357,AES-128-CBC,102400,102416,102432,0.0882,0.0407,0.0072,0.1685,0.2567,389559.8,0.0,0.0,103.38,103.38,0.0,0.0,True
358,AES-128-CBC,102400,102416,102432,0.0855,0.0396,0.007,0.1639,0.2494,400962.31,0.0,0.0,103.38,103.38,0.0,0.0,True
359,AES-128-CBC,102400,102416,102432,0.0924,0.0435,0.0094,0.1877,0.2801,357015.35,0.0,0.0,103.38,103.38,0.0,0.0,True
360,AES-128-CBC,102400,102416,102432,0.0941,0.0621,0.0091,0.2288,0.3229,309693.4,0.0,0.0,103.38,103.38,0.0,0.0,True
